Area,Intrusion_Name, Length, Danger_Level, Shortest_Dist_Wire, Volume, Date, Start_Point_X,Start_Point_Y,End_Point_X,End_PointvY,POINT-X,POINT-Y,Total_Length
Hegsetfoss,1,10.08,U1,2.75,35.26,8/10/2021,617820,6999022.7,617811.9,6999014.6,617821.3,6999017,11.46
Hegsetfoss,2,2.62,U2,3.99,5.95,8/10/2021,617806.3,6999008.9,617804.4,6999007,617801.6,6999013.2,2.62
Hegsetfoss,3,2.59,U3,4.02,2.11,8/10/2021,617687,6998888.6,617681.4,6998883,617684.8,6998890.4,7.89
Hegsetfoss,4,3.27,U3,4.58,1.66,8/10/2021,617675.7,6998877.1,617669.5,6998870.9,617675.7,6998872.8,8.8
Hegsetfoss,5,1.76,U2,4.54,1.22,8/10/2021,617663.5,6998864.8,617662.2,6998863.6,617667.4,6998859.5,1.76
Hegsetfoss,6,10.79,U3,3.32,13.12,8/10/2021,617652.4,6998853.6,617642.2,6998843.4,617655.7,6998849.5,14.36
Hegsetfoss,7,17.5,U2,3.21,38.08,8/10/2021,617605.6,6998806.5,617588.3,6998789,617597,6998789.9,24.55
Hegsetfoss,8,14.06,U2,3.78,21.44,8/10/2021,617584.2,6998784.9,617568,6998768.6,617586.5,6998779.4,22.98
Hegsetfoss,9,3.09,U2,3.75,11.9,8/10/2021,617563.3,6998763.9,617561.1,6998761.8,617566.2,6998758.3,3.09
Hegsetfoss,10,0.46,U3,4.81,0.19,8/10/2021,617552.5,6998753.1,617552.2,6998752.7,617547.2,6998758.1,0.46
Hegsetfoss,11,2.73,U3,3.95,4.1,8/10/2021,617522.3,6998722.6,617518.1,6998718.4,617525.7,6998717.8,5.99
Hegsetfoss,12,0.07,U3,4.86,0.13,8/10/2021,617509.3,6998709.6,617509.3,6998709.5,617504.1,6998714.7,0.07
Hegsetfoss,13,6.96,U2,3.7,13.5,8/10/2021,617499.7,6998699.9,617494.8,6998695,617499.9,6998691.6,6.96
Hegsetfoss,14,6.08,U1,2.8,12.61,8/10/2021,617468.5,6998668.5,617462.2,6998662.2,617467.7,6998660.4,8.89
Hegsetfoss,15,16.11,U1,2.91,41.28,8/10/2021,617457.7,6998657.7,617442.5,6998642.5,617441.1,6998648.5,21.53
Hegsetfoss,16,1.61,U3,4.3,2.05,8/10/2021,617438.7,6998638.6,617437.5,6998637.4,617433.4,6998642.8,1.61
Hegsetfoss,17,1.7,U3,3.72,1.15,8/10/2021,617432.8,6998632.6,617428.9,6998628.7,617429.9,6998634.7,5.46
Hegsetfoss,18,4.37,U2,4.25,5.7,8/10/2021,617425.1,6998624.9,617418.8,6998618.6,617417.3,6998626.7,8.9
Hegsetfoss,19,6.78,U2,3.25,15.23,8/10/2021,617414.9,6998614.7,617408.1,6998607.9,617417,6998608.9,9.65
Hegsetfoss,20,9.43,U2,3.04,30.14,8/10/2021,617402.9,6998602.7,617393.2,6998592.9,617405.6,6998597.5,13.75
Hegsetfoss,21,1.36,U1,2.48,0.7,8/10/2021,617387.8,6998587.5,617384,6998583.7,617384.2,6998583.6,5.37
Hegsetfoss,22,2.69,U2,4.43,2.05,8/10/2021,617292.3,6998491.6,617290.4,6998489.7,617286.5,6998495.2,2.69
Hegsetfoss,23,1.17,U3,4.76,0.38,8/10/2021,617273.3,6998472.3,617272.5,6998471.5,617276.2,6998468.6,1.17
Hegsetfoss,24,7.88,U2,3.09,20.54,8/10/2021,617252.9,6998451.7,617245.8,6998444.4,617244.9,6998451.5,10.19
Hegsetfoss,25,11.7,U2,3.5,23.1,8/10/2021,617240.3,6998438.9,617226.8,6998425.2,617227.8,6998434,19.23
Hegsetfoss,26,1.46,U3,4.67,0.58,8/10/2021,617214.4,6998412.6,617213.3,6998411.6,617209.5,6998417.3,1.46
Hegsetfoss,27,0.97,U3,4.41,1.28,8/10/2021,617207.5,6998405.8,617206.8,6998405.1,617211.5,6998400.4,0.97
Hegsetfoss,28,1.78,U3,3.69,3.07,8/10/2021,617192.9,6998391.1,617191.6,6998389.8,617195.7,6998387,1.78
Hegsetfoss,29,35.74,U2,3.32,95.23,8/10/2021,617176.3,6998374.4,617142.2,6998340.2,617171.3,6998361.1,48.24
Hegsetfoss,30,3.48,U2,3.51,9.28,8/10/2021,617138.7,6998336.7,617136.2,6998334.2,617141.5,6998330.9,3.48
Hegsetfoss,31,8.94,U2,3.64,27.9,8/10/2021,617131.3,6998329.2,617125,6998322.9,617123.2,6998329.6,8.94
Hegsetfoss,32,10.88,U2,3.06,28.42,8/10/2021,617120.3,6998318.1,617107.9,6998305.7,617112.6,6998302.5,17.53
Hegsetfoss,33,8.75,U2,3.09,21.38,8/10/2021,617102.4,6998300.3,617091,6998288.8,617089,6998293.7,16.17
Hegsetfoss,34,2.88,U3,4.54,1.54,8/10/2021,617077.2,6998275.1,617074.2,6998272,617080,6998271.8,4.32
Hegsetfoss,35,74.96,U1,1.63,349.63,8/10/2021,617069,6998266.8,617007.2,6998204.6,617026.9,6998218.7,87.73
Hegsetfoss,36,8.56,U1,2.72,24.96,8/10/2021,617003.2,6998200.6,616993.8,6998191.2,617002.4,6998192.3,13.25
Hegsetfoss,37,3.73,U2,4.13,7.81,8/10/2021,616987.4,6998184.6,616984.8,6998182,616991.3,6998179.7,3.73
Hegsetfoss,38,0.38,U3,3.41,0.26,8/10/2021,616939,6998135.7,616938.7,6998135.4,616941,6998133.1,0.38
Hegsetfoss,39,0.33,U3,4.83,0.06,8/10/2021,616903.4,6998099.7,616903.2,6998099.5,616906.8,6998096.2,0.33
Hegsetfoss,40,0.69,U3,4.72,0.45,8/10/2021,616897.7,6998094,616895.9,6998092.2,616891.6,6998096.9,2.53
Hegsetfoss,41,3.59,U2,4.15,5.25,8/10/2021,616891.9,6998088.2,616889.4,6998085.6,616885.4,6998090.4,3.59
Hegsetfoss,42,2.19,U3,3.38,7.49,8/10/2021,616883.3,6998079.5,616881.8,6998077.9,616879,6998082.4,2.19
Hegsetfoss,43,3.99,U1,1.46,11.78,8/10/2021,616870.9,6998066.9,616865.9,6998061.8,616867.2,6998068,7.19
Hegsetfoss,44,2.79,U2,3.87,10.18,8/10/2021,616856.3,6998052.2,616852.6,6998048.4,616860.3,6998047.1,5.33
Hegsetfoss,45,58.91,U1,1.81,269.82,8/10/2021,616839.4,6998035.1,616780.8,6997976,616803.8,6998005.5,83.29
Hegsetfoss,46,5.64,U2,4.13,5.38,8/10/2021,616776.3,6997971.5,616771.6,6997966.8,616767.2,6997972.2,6.58
Hegsetfoss,47,62.79,U1,2.36,300.22,8/10/2021,616767.9,6997963.1,616714.2,6997909.4,616712.3,6997914.4,75.94
Hegsetfoss,48,0.42,U3,4.88,0.19,8/10/2021,616706.8,6997902,616706,6997901.2,616701.1,6997906.4,1.18
Hegsetfoss,49,5.06,U2,4.49,4.1,8/10/2021,616701.2,6997896.4,616694.6,6997889.7,616693.5,6997898.6,9.37
Hegsetfoss,50,2.77,U2,3.4,13.25,8/10/2021,616690.3,6997885.5,616688.4,6997883.5,616685.5,6997889.1,2.77
Hegsetfoss,51,6.93,U2,3.39,14.78,8/10/2021,616681.4,6997876.5,616674.5,6997869.6,616679.8,6997866.7,9.78
Hegsetfoss,52,39.97,U1,2.93,115.07,8/10/2021,616665.1,6997860.1,616630.8,6997825.8,616635.3,6997837.9,48.5
Hegsetfoss,53,1.25,U2,4.78,0.77,8/10/2021,616627,6997822,616625.2,6997820.1,616630.4,6997815.2,2.61
Hegsetfoss,54,1.65,U2,4.54,2.18,8/10/2021,616620.7,6997815.6,616619.5,6997814.4,616624.6,6997809.8,1.65
Hegsetfoss,55,2.32,U3,4.44,1.98,8/10/2021,616595.3,6997790.1,616593.6,6997788.5,616599.4,6997784.6,2.32
Hegsetfoss,56,2.03,U3,4.34,1.54,8/10/2021,616571.4,6997766.2,616565.8,6997760.6,616562.4,6997765.2,7.92
Hegsetfoss,57,17.53,U2,3.21,38.27,8/10/2021,616530.3,6997724.6,616505.8,6997699.7,616525.2,6997727.3,34.99
Hegsetfoss,58,2.53,U2,4.31,5.18,8/10/2021,616501.4,6997695.3,616499.6,6997693.5,616505.3,6997690.1,2.53
Hegsetfoss,59,10.52,U1,2.94,35.58,8/10/2021,616492.5,6997686.3,616479.5,6997673.1,616494.1,6997680.8,18.51
Hegsetfoss,60,1.92,U3,4.51,1.02,8/10/2021,616468.4,6997662,616467,6997660.6,616462.9,6997666.4,1.92
Hegsetfoss,61,0.55,U3,4.65,0.38,8/10/2021,616444.3,6997638,616443.9,6997637.6,616439,6997643.1,0.55
Hegsetfoss,62,1.77,U2,4.64,0.96,8/10/2021,616435.2,6997628.8,616433.9,6997627.5,616439.1,6997623.6,1.77
Hegsetfoss,63,2.09,U3,3.82,3.97,8/10/2021,616414.3,6997608,616412.8,6997606.5,616417.8,6997603.3,2.09
Hegsetfoss,64,8.15,U2,3.22,23.49,8/10/2021,616395.5,6997589.1,616386.5,6997580.1,616394.6,6997580.4,12.73
Hegsetfoss,65,3.84,U3,4.23,3.46,8/10/2021,616370.1,6997563.7,616364.3,6997557.9,616364.9,6997567.9,8.11
Hegsetfoss,66,19.34,U1,1.51,89.22,8/10/2021,616349.8,6997543.3,616330.9,6997524.5,616341.9,6997540,26.66
Hegsetfoss,67,5.59,U2,4.23,7.3,8/10/2021,616321.4,6997514.9,616316.6,6997510.1,616315.3,6997518.2,6.72
Hegsetfoss,68,1.16,U3,4.25,1.28,8/10/2021,616299.5,6997493,616298.7,6997492.2,616295,6997497,1.16
Hegsetfoss,69,6.51,U2,3.94,7.94,8/10/2021,616294.5,6997488,616286.2,6997479.7,616290.5,6997481.8,11.74
Hegsetfoss,70,7.87,U2,3.61,16.96,8/10/2021,616282.3,6997475.7,616274.2,6997467.6,616281,6997466.3,11.48
Hegsetfoss,71,0.94,U3,4.66,0.51,8/10/2021,616258.3,6997451.7,616257.7,6997451,616253.6,6997456.1,0.94
Hegsetfoss,72,5.19,U2,3.55,15.55,8/10/2021,616247.8,6997441,616242.2,6997435.4,616248.2,6997432.9,7.93
Hegsetfoss,73,11.08,U1,2.61,26.43,8/10/2021,616225.1,6997418.3,616215.8,6997409,616224,6997409.9,13.14
Hegsetfoss,74,10.17,U2,3.81,22.66,8/10/2021,616197.8,6997390.9,616182.8,6997376,616180.8,6997380.9,21.11
Hegsetfoss,75,3.62,U2,3.83,7.87,8/10/2021,616158.6,6997351.8,616156.1,6997349.3,616161.8,6997346,3.62
Hegsetfoss,76,1.37,U3,4.29,1.54,8/10/2021,616099,6997292.3,616098,6997291.3,616094.4,6997296.6,1.37
Hegsetfoss,77,34.51,U1,2.45,128.19,8/10/2021,616087.6,6997280.7,616056.6,6997249.3,616067,6997267,44.08
Hegsetfoss,78,9.59,U1,2.93,31.36,8/10/2021,616048.9,6997241.4,616040,6997232.5,616039,6997239.4,12.59
Hegsetfoss,79,23.65,U1,2.87,62.4,8/10/2021,616030,6997222.4,616009.4,6997201.7,616022.8,6997223,29.28
Hegsetfoss,80,0.65,U2,4.66,0.13,8/10/2021,616002.9,6997195.2,616002.4,6997194.7,616007.5,6997189.9,0.65
Hegsetfoss,81,17.61,U1,2.53,56.45,8/10/2021,615997.9,6997190.1,615981.2,6997173.4,615988.4,6997187.8,23.59
Hegsetfoss,82,10.05,U2,3.45,24.58,8/10/2021,615975.8,6997168,615967.7,6997159.8,615969.2,6997169.5,11.57
Hegsetfoss,83,1.07,U3,4.71,0.38,8/10/2021,615964,6997156.1,615963.2,6997155.3,615958.6,6997160.7,1.07
Hegsetfoss,84,6.41,U2,3.1,17.09,8/10/2021,615959.7,6997151.7,615950.8,6997142.8,615954.9,6997154.7,12.52
Hegsetfoss,85,2.71,U2,4.24,3.2,8/10/2021,615940.5,6997132.4,615937,6997128.9,615933.1,6997133.8,5
Hegsetfoss,86,26.93,U1,2.59,77.38,8/10/2021,615930.5,6997122.4,615898.8,6997090.4,615906,6997104.8,45.07
Hegsetfoss,87,5.3,U3,3.44,10.94,8/10/2021,615893.8,6997085.4,615878.1,6997069.7,615888.7,6997088.2,22.23
Hegsetfoss,88,41.91,U2,3.31,109.76,8/10/2021,615870,6997061.6,615825.2,6997016.8,615852.8,6997052.7,63.31
Hegsetfoss,89,1.96,U3,4.02,4.74,8/10/2021,615816,6997007.7,615814.7,6997006.3,615811.4,6997011.1,1.96
Hegsetfoss,90,1.71,U3,4.54,1.98,8/10/2021,615810.9,6997002.5,615809.7,6997001.3,615805.8,6997006.5,1.71
Hegsetfoss,91,1.05,U3,4.11,1.15,8/10/2021,615804.8,6996996.4,615803.6,6996995.1,615800.4,6996999.6,1.8
Hegsetfoss,92,1.22,U2,4.61,0.77,8/10/2021,615787.4,6996978.9,615786.5,6996978,615782.1,6996983.6,1.22
Hegsetfoss,93,1.89,U2,4.24,4.54,8/10/2021,615776.4,6996967.9,615775.1,6996966.6,615771.1,6996972.1,1.89
Hegsetfoss,94,3.89,U2,3.8,8.58,8/10/2021,615745.2,6996936.6,615740.4,6996931.8,615737.1,6996937.2,6.74
Hegsetfoss,95,1.9,U2,4.22,4.42,8/10/2021,615729.6,6996920.9,615728.2,6996919.6,615734,6996915.8,1.9
Hegsetfoss,96,1.62,U2,4.69,0.45,8/10/2021,615712.5,6996903.8,615710.7,6996902,615716.5,6996897.6,2.61
Hegsetfoss,97,3.44,U2,3.33,8.19,8/10/2021,615702.7,6996894,615700.3,6996891.5,615706,6996889,3.44
Hegsetfoss,98,1.91,U3,4.34,1.22,8/10/2021,615695.5,6996886.7,615694.1,6996885.4,615698.2,6996882.3,1.91
Hegsetfoss,99,1.05,U3,4.79,0.19,8/10/2021,615688.8,6996880,615688.1,6996879.3,615683.8,6996884.4,1.05
Hegsetfoss,100,2.17,U3,4.01,3.46,8/10/2021,615678.7,6996869.9,615677.2,6996868.3,615674.4,6996873.4,2.17
Hegsetfoss,101,5.47,U3,3.4,19.46,8/10/2021,615671.8,6996863,615668,6996859.1,615665.6,6996864.2,5.47
Hegsetfoss,102,5.02,U1,2.48,12.29,8/10/2021,615663.5,6996854.7,615660,6996851.1,615658.4,6996856.3,5.02
Hegsetfoss,103,9.23,U1,2.16,45.7,8/10/2021,615643.8,6996834.9,615636.9,6996828,615637.7,6996835.1,9.78
Hegsetfoss,104,44.27,U1,2.7,156.42,8/10/2021,615630.7,6996821.8,615590.7,6996781.5,615615.7,6996799.3,56.79
Hegsetfoss,105,9.39,U1,2.4,42.3,8/10/2021,615581.1,6996771.9,615574.5,6996765.2,615578.9,6996762.8,9.39
Hegsetfoss,106,4.8,U2,3.74,8.19,8/10/2021,615562.5,6996753.1,615557.2,6996747.9,615565.2,6996748.3,7.44
Hegsetfoss,107,4.22,U3,4.01,5.25,8/10/2021,615535.1,6996725.8,615532.2,6996722.8,615530.2,6996729.1,4.22
Hegsetfoss,108,6.11,U2,3.02,13.44,8/10/2021,615520.4,6996711.1,615516.1,6996706.7,615514.8,6996713.2,6.11
Hegsetfoss,109,8.99,U1,2.9,24.64,8/10/2021,615507.7,6996698.3,615500.6,6996691.2,615507.1,6996690,9.94
Hegsetfoss,110,1.44,U3,4.6,0.64,8/10/2021,615496.3,6996686.8,615493.7,6996684.3,615490.4,6996688.6,3.56
Hegsetfoss,111,2.53,U3,3.4,6.14,8/10/2021,615489.3,6996679.9,615487.5,6996678.1,615484.2,6996682.7,2.53
Hegsetfoss,112,1.12,U3,4.46,1.09,8/10/2021,615481.4,6996672,615480.6,6996671.2,615482.4,6996669.8,1.12
Hegsetfoss,113,1.42,U3,3.02,2.3,8/10/2021,615460,6996650.5,615459,6996649.5,615462,6996647.7,1.42
Hegsetfoss,114,11.24,U1,2.54,18.88,8/10/2021,615454.2,6996644.6,615439.1,6996629.5,615443.5,6996635.7,21.4
Hegsetfoss,115,1.73,U3,3.89,2.5,8/10/2021,615424.1,6996614.5,615422.9,6996613.2,615418.8,6996618.1,1.73
Hegsetfoss,116,1,U3,4.53,1.02,8/10/2021,615376.6,6996566.9,615375.9,6996566.2,615380.9,6996562.1,1
Hegsetfoss,117,0.99,U2,4.58,1.22,8/10/2021,615367.1,6996557.4,615366.4,6996556.7,615361.6,6996562,0.99
Hegsetfoss,118,6.7,U1,2.38,12.67,8/10/2021,615347.1,6996537.5,615340.2,6996530.6,615347.9,6996534.5,9.71
Hegsetfoss,119,1.41,U3,3.58,2.56,8/10/2021,615335.1,6996525.5,615334.1,6996524.5,615338.6,6996521.1,1.41
Hegsetfoss,120,15.14,U1,2.76,37.06,8/10/2021,615266.1,6996456,615253.6,6996443.3,615259.2,6996453.7,17.76
Hegsetfoss,121,3.7,U3,3.85,6.98,8/10/2021,615246.7,6996436.3,615244.1,6996433.7,615241.2,6996438.9,3.7
Hegsetfoss,122,0.32,U3,5.32,0.19,8/10/2021,615234.5,6996424,615234.2,6996423.7,615236,6996422.2,0.32
Hegsetfoss,123,7.48,U2,3.93,13.7,8/10/2021,615142.4,6996331.4,615133.6,6996322.6,615130.4,6996327.2,12.42
Hegsetfoss,124,3.69,U1,2.22,12.8,8/10/2021,615128.3,6996317.3,615125.7,6996314.6,615129.9,6996312.8,3.69
Hegsetfoss,125,6.89,U1,2.65,32.96,8/10/2021,615121.6,6996310.5,615116.8,6996305.6,615122,6996305.2,6.89
Hegsetfoss,126,0.79,U3,4.61,0.19,8/10/2021,615093.7,6996282.3,615093.1,6996281.8,615093.9,6996281.7,0.79
Hegsetfoss,127,3.6,U3,3.25,11.07,8/10/2021,614852.7,6996040.5,614850.2,6996037.9,614847.8,6996043.5,3.6
Hegsetfoss,128,2.03,U3,4.14,3.39,8/10/2021,614829.3,6996016.8,614827.9,6996015.4,614833.1,6996012.9,2.03
Hegsetfoss,129,2.42,U1,2.74,4.42,8/10/2021,614813.3,6996000.7,614811.6,6995999,614810.6,6996001.1,2.42
Hegsetfoss,130,3.6,U1,2.74,4.99,8/10/2021,614612.9,6995799.3,614607.6,6995793.9,614605,6995798.7,7.52
Hegsetfoss,131,5.55,U1,2.68,18.56,8/10/2021,614603.3,6995789.6,614594.3,6995780.5,614592.2,6995785.4,12.84
Hegsetfoss,132,18.03,U1,2.37,63.68,8/10/2021,614587.6,6995773.8,614570.9,6995757,614569.8,6995762.8,23.69
Hegsetfoss,133,0.78,U3,4.46,0.19,8/10/2021,614562.6,6995748.6,614562,6995748.1,614558.9,6995751.6,0.78
Hegsetfoss,134,4.46,U1,2.35,15.68,8/10/2021,614547.4,6995733.3,614544.2,6995730.1,614547.7,6995728.7,4.46
Hegsetfoss,135,2.44,U3,3.13,5.06,8/10/2021,614490.8,6995676.2,614489.1,6995674.5,614487.1,6995678.2,2.44
Hegsetfoss,136,2.85,U3,3.87,4.8,8/10/2021,614476.6,6995661.9,614474.6,6995659.9,614479.6,6995656.5,2.85
Hegsetfoss,137,2.62,U3,3.4,2.94,8/10/2021,614458.4,6995643.6,614454.9,6995640.2,614457.9,6995638.5,4.9
Hegsetfoss,138,3.36,U3,3.98,4.86,8/10/2021,614427.3,6995612.5,614424.9,6995610.1,614423.5,6995614.1,3.36
Hegsetfoss,139,7.34,U1,2.42,26.43,8/10/2021,614414.7,6995599.9,614408.4,6995593.5,614407.2,6995598.5,8.97
Hegsetfoss,140,2.02,U3,3.74,3.14,8/10/2021,614394.2,6995579.3,614392.8,6995577.9,614396.8,6995575.4,2.02
Hegsetfoss,141,3.62,U2,4.2,3.26,8/10/2021,614378.2,6995563.2,614375.6,6995560.7,614380.9,6995556.6,3.62
Hegsetfoss,142,5.5,U1,2.36,22.85,8/10/2021,614354.4,6995539.3,614350.5,6995535.4,614350.3,6995541.2,5.5
Hegsetfoss,143,1.25,U3,4.88,0.45,8/10/2021,614344.7,6995529.6,614343.8,6995528.8,614341.9,6995531.2,1.25
Hegsetfoss,144,10.84,U2,3.04,21.38,8/10/2021,614236.4,6995420.7,614227.1,6995411.4,614238.8,6995416.2,13.21
Hegsetfoss,145,3.49,U3,4.19,3.14,8/10/2021,614163.7,6995347.8,614159.6,6995343.6,614155.9,6995349,5.86
Hegsetfoss,146,23.91,U1,2.21,75.46,8/10/2021,614143.6,6995327.5,614125.2,6995308.8,614123.7,6995314,26.18
Hegsetfoss,147,2.37,U3,3.69,5.12,8/10/2021,614104.6,6995288,614102.9,6995286.3,614099.5,6995291.2,2.37
Hegsetfoss,148,23.65,U2,3.37,42.3,8/10/2021,614099.1,6995282.5,614066.7,6995249.9,614082.4,6995257.3,45.98
Hegsetfoss,149,52.26,U1,2.4,200,8/10/2021,614062.7,6995245.9,614009.2,6995192,614056,6995245.6,75.91
Hegsetfoss,150,5.02,U1,2.65,22.02,8/10/2021,613994.8,6995177.4,613991.2,6995173.8,613996.1,6995171.8,5.02
Hegsetfoss,151,2.94,U3,4.45,1.54,8/10/2021,613888.6,6995070.7,613886.5,6995068.6,613891.3,6995064.8,2.94
Hegsetfoss,152,3.37,U2,3.66,11.97,8/10/2021,613856.6,6995038.9,613854.2,6995036.5,613851.5,6995042.5,3.37
Hegsetfoss,153,0.47,U3,4.75,0.13,8/10/2021,613728.6,6994910.2,613728.3,6994909.9,613724.8,6994913.8,0.47
Hegsetfoss,154,1.78,U3,3.9,2.37,8/10/2021,613671.6,6994852.9,613670.4,6994851.7,613674.6,6994848.5,1.78
Hegsetfoss,155,4.43,U3,3.85,3.65,8/10/2021,613652.7,6994834,613647.8,6994829,613645.9,6994833.4,6.98
Hegsetfoss,156,2.03,U2,4.31,3.01,8/10/2021,613611.6,6994792.8,613610.2,6994791.3,613616.2,6994787.7,2.03
Hegsetfoss,157,0.17,U3,4.9,0.06,8/10/2021,613462.9,6994643.4,613462.8,6994643.2,613467.8,6994638.4,0.17
Hegsetfoss,158,0.52,U3,4.86,0.13,8/10/2021,613454.3,6994634.6,613453.9,6994634.2,613456.8,6994631.7,0.52
Hegsetfoss,159,3.03,U2,3.81,11.58,8/10/2021,613406.5,6994586.2,613404.4,6994584,613401,6994589.8,3.03
Hegsetfoss,160,0.64,U3,4.73,0.19,8/10/2021,613317,6994496.5,613316.5,6994496,613312.5,6994501,0.64
Hegsetfoss,161,4.3,U3,3.67,5.7,8/10/2021,613309.7,6994489.2,613305.3,6994484.8,613304.3,6994491.9,6.31
Hegsetfoss,162,2.26,U3,4.16,1.66,8/10/2021,613294.6,6994474,613291.3,6994470.7,613296.3,6994467.3,4.61
Hegsetfoss,163,3.45,U2,3.5,9.41,8/10/2021,613055.7,6994233.7,613052.4,6994230.5,613057.4,6994227.3,4.62
Hegsetfoss,164,0.56,U3,4.92,0.06,8/10/2021,612948.6,6994125.8,612948.2,6994125.4,612952.2,6994121.9,0.56
Hegsetfoss,165,3.15,U3,3.76,3.33,8/10/2021,612801.4,6994085.1,612793.8,6994083.1,612799,6994089.9,7.87
Hegsetfoss,166,2.64,U3,4.09,3.84,8/10/2021,612787.4,6994081.4,612780.3,6994079.4,612779.5,6994085.8,7.41
Hegsetfoss,167,6.66,U1,2.68,18.18,8/10/2021,612740.5,6994068.2,612732.6,6994066,612737.7,6994062.2,8.22
Hegsetfoss,168,1.48,U3,4.22,1.41,8/10/2021,612704.7,6994058.2,612702.6,6994057.6,612702.3,6994063.6,2.19
Hegsetfoss,169,0.99,U3,3.97,1.02,8/10/2021,612656.2,6994044.7,612655.2,6994044.4,612654.4,6994049.1,0.99
Hegsetfoss,170,1.78,U3,4.08,2.5,8/10/2021,612649.4,6994042.8,612647.7,6994042.3,612647.6,6994047.4,1.78
Hegsetfoss,171,5.47,U2,3.72,16.58,8/10/2021,612620.9,6994034.8,612615.6,6994033.4,612618.7,6994028.3,5.47
Hegsetfoss,172,6.55,U1,2.81,20.1,8/10/2021,612601.1,6994029.3,612592.2,6994026.9,612592.3,6994032.2,9.2
Hegsetfoss,173,0.33,U3,4.94,0.13,8/10/2021,612506.5,6994003.4,612505.2,6994003,612504.6,6994009.3,1.36
Hegsetfoss,174,6.22,U2,3.91,10.88,8/10/2021,612442.7,6993985.6,612432.6,6993982.8,612432.8,6993989.2,10.5
Hegsetfoss,175,1.38,U3,3.9,2.43,8/10/2021,612425.9,6993980.9,612424.5,6993980.5,612426.3,6993975.6,1.38
Hegsetfoss,176,1.52,U3,4.49,1.34,8/10/2021,612417.2,6993978.5,612415.7,6993978.1,612417.7,6993972.1,1.52
Hegsetfoss,177,1.3,U3,4.48,1.47,8/10/2021,612407.4,6993975.8,612406.2,6993975.4,612408.7,6993969.7,1.3
Hegsetfoss,178,5.14,U2,3.75,7.68,8/10/2021,612386.5,6993970,612379,6993967.9,612383.7,6993975.7,7.85
Hegsetfoss,179,4.99,U2,3.49,12.8,8/10/2021,612357.6,6993962.1,612352.8,6993960.7,612357.2,6993955.7,4.99
Hegsetfoss,180,0.42,U3,4.68,0.13,8/10/2021,612344,6993958.3,612343.6,6993958.2,612345.3,6993953.6,0.42
Hegsetfoss,181,9.22,U1,2.1,39.49,8/10/2021,612333.2,6993955.3,612324.3,6993952.9,612327.2,6993958.1,9.22
Hegsetfoss,182,30.17,U1,2.8,92.35,8/10/2021,612319.1,6993951.5,612263.5,6993935.5,612268,6993931.4,57.8
Hegsetfoss,183,6.63,U3,3.5,11.58,8/10/2021,612255.3,6993933.2,612248.8,6993933.8,612253.1,6993927.4,6.63
Hegsetfoss,184,0.21,U3,4.9,0.06,8/10/2021,612089.1,6993959.3,612088.9,6993959.4,612088.2,6993954.2,0.21
Hegsetfoss,185,7.54,U3,3.01,17.28,8/10/2021,612048.8,6993965.8,612040.6,6993967.1,612042.7,6993961.4,8.31
Hegsetfoss,186,0.24,U3,4.86,0.06,8/10/2021,611985.5,6993975.9,611985.3,6993975.9,611986.3,6993982.3,0.24
Hegsetfoss,187,2.6,U3,3.82,6.02,8/10/2021,611875.8,6993993.4,611872.7,6993993.9,611873.7,6993988.4,3.1
Hegsetfoss,188,1.98,U1,1.4,2.18,8/10/2021,611854.3,6993996.8,611848.2,6993997.8,611848.5,6993999.4,6.17
Hegsetfoss,189,1.99,U3,4.54,2.43,8/10/2021,611788.1,6994007.4,611786.1,6994007.7,611787.7,6994013.9,1.99
Hegsetfoss,190,5.1,U3,3.82,5.57,8/10/2021,611662.9,6994026.9,611652.8,6994028.4,611660.7,6994032.8,10.19
Hegsetfoss,191,0.88,U3,4.51,0.38,8/10/2021,611071.6,6994120.3,611070.7,6994120.4,611070.2,6994116.1,0.88
Hegsetfoss,192,3.97,U3,3.36,6.53,8/10/2021,610815.4,6994161.9,610808.4,6994163,610814.2,6994164.6,7.13
Hegsetfoss,193,2.91,U2,3.9,5.89,8/10/2021,612209.7,7006040.8,612209.7,7006043.8,612203.8,7006042.4,2.91
Hegsetfoss,194,6.88,U2,3.89,10.69,8/10/2021,612209.5,7006051.1,612209.3,7006059.1,612203.5,7006058.3,7.99
Hegsetfoss,195,8.15,U2,3.89,10.94,8/10/2021,612209,7006069.8,612208.6,7006081.5,612203.1,7006070.3,11.77
Hegsetfoss,196,0.96,U3,4.5,0.58,8/10/2021,612204.9,7006196.3,612204.9,7006197.3,612198.3,7006196.9,0.96
Hegsetfoss,197,2.22,U2,4.56,1.02,8/10/2021,612204.3,7006220.4,612204.2,7006222.6,612197.4,7006221.2,2.22
Hegsetfoss,198,4.83,U3,4.19,4.61,8/10/2021,612197.6,7006257.6,612196,7006262.2,612202.1,7006261.9,4.83
Hegsetfoss,199,1.91,U2,4.63,0.77,8/10/2021,612185.2,7006293.4,612184.6,7006295.2,612190.7,7006297.3,1.91
Hegsetfoss,200,0.18,U3,4.82,0.06,8/10/2021,612163.1,7006326.2,612163,7006326.4,612159.4,7006323.8,0.18
Hegsetfoss,201,3.55,U2,4.35,1.98,8/10/2021,612146.2,7006349.9,612141.9,7006355.9,612140,7006347.5,7.36
Hegsetfoss,202,0.61,U2,4.85,0.32,8/10/2021,612089,7006430.8,612088.1,7006431.9,612093.5,7006435.8,1.44
Hegsetfoss,203,4.15,U2,4.22,4.61,8/10/2021,612077.7,7006446.6,612073,7006452,612082,7006450.8,7.26
Hegsetfoss,204,4.38,U3,4.28,2.62,8/10/2021,612045.4,7006469.5,612038.1,7006474.1,612042.7,7006478.2,8.59
Hegsetfoss,205,1.04,U2,4.69,0.64,8/10/2021,612032.5,7006477.7,612031,7006478.6,612034.4,7006483.9,1.74
Hegsetfoss,206,12.22,U2,3.54,22.53,8/10/2021,611921.6,7006515.7,611901,7006521.2,611903.3,7006526.2,21.29
Hegsetfoss,207,1.82,U2,4.81,0.83,8/10/2021,611797.6,7006548.7,611794.5,7006549.5,611795.2,7006542.2,3.28
Hegsetfoss,208,3.4,U2,4.12,5.38,8/10/2021,611787.9,7006551.2,611784.6,7006552.1,611786.6,7006557.6,3.4
Hegsetfoss,209,5.28,U2,4,8.64,8/10/2021,611776.9,7006554.1,611769.3,7006556.1,611775.7,7006560.2,7.82
Hegsetfoss,210,14.63,U1,2.84,42.88,8/10/2021,611763.3,7006557.7,611746.4,7006562.2,611750.4,7006565.6,17.49
Hegsetfoss,211,12.05,U2,3.1,42.62,8/10/2021,611718.1,7006567.8,611705,7006569.4,611708,7006573.7,13.24
Hegsetfoss,212,4.86,U2,4.01,5.89,8/10/2021,611666.3,7006574.3,611658.4,7006575.2,611663.7,7006580.2,7.9
Hegsetfoss,213,0.08,U2,4.89,0.06,8/10/2021,611641.6,7006577.3,611641.5,7006577.4,611642.4,7006583.9,0.08
Hegsetfoss,214,1.62,U3,4.53,0.7,8/10/2021,611609.6,7006581.3,611608,7006581.5,611610.1,7006587.6,1.62
Hegsetfoss,215,1.1,U2,4.68,0.26,8/10/2021,611598.8,7006582.7,611597.7,7006582.8,611599.3,7006589,1.1
Hegsetfoss,216,0.2,U3,4.87,0.06,8/10/2021,611590.1,7006583.8,611589.9,7006583.8,611590.9,7006590.4,0.2
Hegsetfoss,217,0.23,U2,4.91,0.06,8/10/2021,611426.4,7006604.2,611426.1,7006604.2,611425.4,7006597.8,0.23
Hegsetfoss,218,5.28,U2,3.87,4.93,8/10/2021,611393.2,7006608.3,611385.1,7006609.3,611391.5,7006613.7,8.17
Hegsetfoss,219,8.24,U2,3.04,20.54,8/10/2021,611374.6,7006610.6,611366.4,7006611.6,611373.8,7006614.8,8.24
Hegsetfoss,220,0.9,U3,4.79,0.32,8/10/2021,611339.8,7006614.8,611338.4,7006615,611340.4,7006621.2,1.44
Hegsetfoss,221,5.3,U2,3.39,10.94,8/10/2021,611329.9,7006616.7,611325.3,7006619.4,611325.1,7006613.1,5.3
Hegsetfoss,222,0.16,U3,4.94,0.06,8/10/2021,611312,7006627.1,611311.9,7006627.2,611308.4,7006621.2,0.16
Hegsetfoss,223,0.71,U2,4.61,0.32,8/10/2021,611273,7006649.8,611272.4,7006650.2,611269.2,7006644.4,0.71
Hegsetfoss,224,0.38,U2,4.75,0.13,8/10/2021,611149,7006740.5,611148.7,7006740.7,611144.6,7006735.2,0.38
Hegsetfoss,225,5.5,U2,3.84,5.82,8/10/2021,611093.8,7006782.2,611086.7,7006787.6,611085.3,7006781.4,8.99
Hegsetfoss,226,1.86,U3,4.17,3.26,8/10/2021,611005.8,7006848.8,611004.4,7006850,611008.9,7006854,1.86
Hegsetfoss,227,9.52,U2,3.63,15.04,8/10/2021,610902.2,7006995.1,610894.3,7007007.5,610899.7,7007008.1,14.79
Hegsetfoss,228,3.22,U2,4.31,2.56,8/10/2021,610890.5,7007013.3,610888.8,7007016,610894.8,7007017.8,3.22
Hegsetfoss,229,8.38,U2,3.7,13.18,8/10/2021,610863.2,7007056.2,610855.1,7007068.8,610852.7,7007061.9,14.99
Hegsetfoss,230,6.54,U2,3.63,13.95,8/10/2021,610831.2,7007106.3,610826.8,7007113.2,610833.6,7007111.8,8.21
Hegsetfoss,231,7.36,U2,3.55,12.42,8/10/2021,610823.9,7007117.6,610817.3,7007128.1,610828.3,7007121,12.39
Hegsetfoss,232,1.62,U3,4.64,1.09,8/10/2021,610811.2,7007137.6,610810.4,7007138.9,610815.5,7007141.8,1.62
Hegsetfoss,233,15.24,U2,3.41,23.55,8/10/2021,610806.3,7007145.4,610792.9,7007166.6,610802.6,7007160.5,25.1
Hegsetfoss,234,20.08,U1,2.38,70.4,8/10/2021,610785.4,7007178.4,610771.2,7007200.7,610782.4,7007191,26.47
Hegsetfoss,235,7.52,U2,4.14,4.8,8/10/2021,610688.1,7007331.4,610681,7007342.3,610689.3,7007339.9,12.97
Hegsetfoss,236,2.6,U2,4.5,1.34,8/10/2021,610670.3,7007358.8,610668.9,7007360.9,610674.5,7007363.3,2.6
Hegsetfoss,237,10.15,U1,2.61,37.82,8/10/2021,610658.7,7007376.5,610652.2,7007386.5,610661.1,7007380.4,11.88
Hegsetfoss,238,0.77,U3,4.8,0.19,8/10/2021,610645.2,7007396.9,610644.7,7007397.5,610650.3,7007400.6,0.77
Hegsetfoss,239,6.88,U2,3.86,9.86,8/10/2021,610635,7007411.2,610630.5,7007417.5,610637.5,7007416.9,7.77
Hegsetfoss,240,1.92,U2,4.75,1.54,8/10/2021,610624.7,7007425.7,610623.5,7007427.3,610618.6,7007422.1,1.92
Hegsetfoss,241,3.6,U2,4.1,4.67,8/10/2021,610616.7,7007436.9,610614.6,7007439.8,610620.3,7007441.7,3.6
Hegsetfoss,242,34.56,U1,2.19,130.69,8/10/2021,610610.1,7007446.1,610581.6,7007486.1,610603.8,7007461.7,49.14
Hegsetfoss,243,14.07,U2,3.18,61.25,8/10/2021,610571.1,7007500,610562.7,7007511.3,610563.5,7007501.6,14.07
Hegsetfoss,244,9.08,U2,4.28,7.3,8/10/2021,610557.3,7007518.6,610551.1,7007526.8,610547.5,7007522.3,10.35
Hegsetfoss,245,1.64,U2,4.42,1.98,8/10/2021,610518.4,7007570.5,610517.4,7007571.8,610512.4,7007567.8,1.64
Hegsetfoss,246,0.28,U3,4.92,0.06,8/10/2021,610510.4,7007581.2,610510.2,7007581.4,610505,7007577.5,0.28
Hegsetfoss,247,1.23,U2,4.26,0.83,8/10/2021,610501.6,7007593,610500.9,7007593.9,610496.3,7007589.6,1.23
Hegsetfoss,248,2.05,U2,3.93,1.92,8/10/2021,610496.4,7007600,610495.2,7007601.6,610490.7,7007597.6,2.05
Hegsetfoss,249,0.08,U2,4.95,0.06,8/10/2021,610491.7,7007606.2,610491.7,7007606.3,610486.1,7007602.1,0.08
Hegsetfoss,250,3.66,U2,3.35,8.77,8/10/2021,610487.2,7007612.2,610483.8,7007616.8,610479.8,7007613.1,5.74
Hegsetfoss,251,3.58,U2,3.63,9.15,8/10/2021,610477.1,7007625.8,610475,7007628.6,610470.8,7007624.9,3.58
Hegsetfoss,252,3.94,U2,3.95,6.78,8/10/2021,610440.6,7007661.3,610436.5,7007663,610437.2,7007656.1,4.5
Hegsetfoss,253,1.75,U2,4.7,0.64,8/10/2021,610427.7,7007666.6,610425.4,7007667.5,610423.2,7007661.1,2.45
Hegsetfoss,254,6.05,U2,3.76,15.87,8/10/2021,610410.4,7007673.6,610404.8,7007675.9,610408.1,7007680.5,6.05
Hegsetfoss,255,1.69,U2,3.88,1.66,8/10/2021,610391,7007681.5,610389.4,7007682.2,610387.3,7007676.7,1.69
Hegsetfoss,256,5.51,U1,2.94,7.04,8/10/2021,610351.8,7007697.5,610345.2,7007700.2,610348.6,7007693.7,7.08
Hegsetfoss,257,13.07,U2,3.51,29.63,8/10/2021,610339.6,7007702.5,610326.6,7007707.8,610333.1,7007710.9,14.02
Hegsetfoss,258,3.4,U2,4.03,6.27,8/10/2021,610317,7007711.8,610313.8,7007713.1,610317.6,7007718,3.4
Hegsetfoss,259,6.52,U2,3.49,8.96,8/10/2021,610306.3,7007716.1,610299.7,7007718.9,610306.3,7007722,7.13
Hegsetfoss,260,13.87,U2,3.81,18.43,8/10/2021,610292.1,7007722,610278.8,7007727.4,610291,7007728.6,14.37
Hegsetfoss,261,1.95,U2,4.33,1.66,8/10/2021,610272.2,7007730.1,610270.4,7007730.8,610269.1,7007724.5,1.95
Hegsetfoss,262,4.48,U2,3.86,9.73,8/10/2021,610253.7,7007737.6,610249.5,7007739.3,610249.2,7007733.7,4.48
Hegsetfoss,263,4.32,U2,4.31,3.97,8/10/2021,610108.1,7007796.2,610104.1,7007797.8,610108.8,7007802.5,4.32
Hegsetfoss,264,11.43,U2,3.18,43.33,8/10/2021,610082.8,7007805.8,610069.6,7007809.8,610070.5,7007804.5,13.77
Hegsetfoss,265,7.57,U3,4.28,4.48,8/10/2021,610064.7,7007811.4,610046,7007817.1,610054.8,7007817.6,19.54
Hegsetfoss,266,7.83,U1,2.73,15.42,8/10/2021,609955.1,7007845.1,609943.5,7007848.7,609944.5,7007843.5,12.15
Hegsetfoss,267,4.79,U2,4.19,5.89,8/10/2021,609929.4,7007853,609924.3,7007854.6,609922.8,7007848.6,5.36
Hegsetfoss,268,0.49,U3,4.81,0.13,8/10/2021,609916.7,7007856.9,609916.3,7007857,609915.9,7007855.2,0.49
Hegsetfoss,269,40.08,U1,2.67,183.68,8/10/2021,609892.9,7007864.2,609853.8,7007876.2,609869.7,7007866.5,40.87
Hegsetfoss,270,6.96,U1,2.4,54.72,8/10/2021,609554.6,7007968.6,609548,7007970.7,609551.8,7007973.1,6.96
Hegsetfoss,271,2.9,U2,3.82,2.5,8/10/2021,609258.6,7008059.5,609255.8,7008060.3,609255.6,7008054.4,2.9
Hegsetfoss,272,18.73,U1,2.84,53.76,8/10/2021,609250.2,7008062.1,609225.9,7008069.6,609241.8,7008069.6,25.47
Hegsetfoss,273,23.14,U1,1.9,78.34,8/10/2021,609207.7,7008075.2,609178.6,7008084.1,609184.9,7008085.9,30.5
Hegsetfoss,274,13.14,U1,1.89,101.82,8/10/2021,608917.8,7008164.5,608905.2,7008168.4,608907.7,7008164,13.14
Hegsetfoss,275,7.08,U3,3.38,15.55,8/10/2021,608836.2,7008189.5,608826.6,7008192.5,608835.7,7008194.1,10.05
Hegsetfoss,276,12.74,U2,3.23,24,8/10/2021,608775.1,7008208.2,608757.3,7008213.7,608763.9,7008216.6,18.64
Hegsetfoss,277,7.71,U2,3.62,17.47,8/10/2021,608750.2,7008215.9,608739.6,7008219.1,608745.8,7008222.6,11.02
Hegsetfoss,278,62.96,U1,1.52,206.78,8/10/2021,608626.7,7008253.8,608544.9,7008290.1,608589.1,7008265.9,89.69
Hegsetfoss,279,12.09,U2,3.48,20.67,8/10/2021,608504.8,7008309.5,608489.8,7008316.7,608494.1,7008321.1,16.63
Hegsetfoss,280,11.33,U2,3.02,21.7,8/10/2021,608466.2,7008328.1,608455.4,7008333.3,608457.1,7008326.3,11.98
Hegsetfoss,281,2.78,U2,4.22,2.88,8/10/2021,608450.7,7008335.6,608448.2,7008336.8,608452.4,7008342,2.78
Hegsetfoss,282,1.68,U2,4.42,2.05,8/10/2021,608439.6,7008340.9,608438.1,7008341.7,608436,7008335,1.68
Hegsetfoss,283,3.15,U3,4.31,3.2,8/10/2021,608427.5,7008346.7,608422.7,7008349.1,608423.8,7008341.3,5.38
Hegsetfoss,284,55.45,U1,1.08,330.75,8/10/2021,608357.4,7008380.6,608296.1,7008416.5,608309.6,7008404.7,71.23
Hegsetfoss,285,7.92,U3,3.59,8.13,8/10/2021,608292.9,7008421.1,608287.6,7008429,608286.7,7008421.8,9.59
Hegsetfoss,286,7.38,U2,3.96,11.46,8/10/2021,608284.1,7008434.2,608278.4,7008442.5,608275.6,7008435.6,10.03
Hegsetfoss,287,2.49,U3,3.88,4.42,8/10/2021,608274.6,7008448.1,608273.2,7008450.2,608277.5,7008451.8,2.49
Hegsetfoss,288,1.4,U3,4.45,0.64,8/10/2021,608259.1,7008493.4,608263.6,7008500.9,608265.4,7008495.9,8.7
Hegsetfoss,289,1.08,U3,4.62,0.9,8/10/2021,608268.9,7008509.9,608272.4,7008515.6,608269.9,7008515.3,6.71
Hegsetfoss,290,4.4,U3,4.18,3.39,8/10/2021,608289.6,7008544.5,608294.9,7008553.2,608294.6,7008544.3,10.19
Hegsetfoss,291,2.02,U3,4.53,1.15,8/10/2021,608400.3,7008729.4,608401.4,7008731.2,608396.1,7008734.2,2.02
Hegsetfoss,292,3.35,U2,3.98,3.58,8/10/2021,608407.3,7008741,608409,7008743.9,608413,7008739.9,3.35
Hegsetfoss,293,5.98,U2,4.34,4.48,8/10/2021,608437.7,7008791.9,608442.3,7008799.6,608435.5,7008799.2,8.99
Hegsetfoss,294,10.97,U2,3.46,17.66,8/10/2021,608497.6,7008888.3,608507.4,7008898.3,608497.7,7008895.2,13.95
Hegsetfoss,295,6.46,U2,3.94,7.36,8/10/2021,608515.7,7008906.8,608521.2,7008912.4,608523.7,7008907.4,7.83
Hegsetfoss,296,1.49,U2,3.7,1.34,8/10/2021,608526,7008917.3,608527,7008918.4,608529.9,7008914,1.49
Hegsetfoss,297,1.96,U2,4.24,0.96,8/10/2021,608530.8,7008922.2,608532.1,7008923.6,608535.4,7008919.3,1.96
Hegsetfoss,298,1.69,U3,4.38,0.7,8/10/2021,608550.8,7008942.7,608552.7,7008944.7,608547,7008947.1,2.78
Hegsetfoss,299,3.45,U2,3.69,10.75,8/10/2021,608570.7,7008962.5,608575,7008966.7,608575.1,7008960.2,6.05
Hegsetfoss,300,1.1,U3,4.42,0.38,8/10/2021,608580.2,7008971.9,608581,7008972.7,608582.6,7008970.2,1.1
Hegsetfoss,301,0.31,U3,4.92,0.19,8/10/2021,608586.7,7008978.3,608587.6,7008979.2,608582.9,7008982.2,1.23
Hegsetfoss,302,0.34,U2,4.85,0.06,8/10/2021,608616.5,7009006.6,608616.8,7009006.8,608612.6,7009011.5,0.34
Hegsetfoss,303,8.71,U1,2.16,59.84,8/10/2021,608620.7,7009010,608627.4,7009015.6,608622.5,7009015.1,8.71
Hegsetfoss,304,37.99,U1,2.12,171.97,8/10/2021,608634.5,7009021.5,608667,7009048.6,608645.8,7009026.5,42.27
Hegsetfoss,305,2.77,U3,3.53,4.93,8/10/2021,608676.3,7009056.3,608678.5,7009058.1,608674.3,7009060.3,2.77
Hegsetfoss,306,7,U2,3.38,13.57,8/10/2021,608682.5,7009061.4,608687.9,7009065.8,608683.8,7009068.3,7
Hegsetfoss,307,2.73,U2,3.97,2.18,8/10/2021,608693.1,7009070,608695.2,7009071.7,608690.1,7009073.9,2.73
Hegsetfoss,308,15.51,U1,2.87,56.51,8/10/2021,608701.6,7009076.9,608713.6,7009086.7,608709.1,7009077.6,15.51
Hegsetfoss,309,24.38,U2,3.17,41.98,8/10/2021,608721.6,7009093.3,608741.7,7009109.7,608736.5,7009099.7,26.05
Hegsetfoss,310,2.92,U2,4.08,4.48,8/10/2021,608745.8,7009113,608749.1,7009115.7,608751.4,7009110.9,4.26
Hegsetfoss,311,7.33,U1,2.69,28.99,8/10/2021,608759.1,7009130.7,608762.6,7009137.1,608756.9,7009135.1,7.33
Hegsetfoss,312,1.9,U2,4.25,2.18,8/10/2021,608767.9,7009146.8,608768.9,7009148.4,608773.4,7009145.3,1.9
Hegsetfoss,313,4.04,U2,3.36,6.21,8/10/2021,608781.8,7009171.8,608783.8,7009175.3,608779.4,7009176.4,4.04
Hegsetfoss,314,13.54,U2,2.99,42.56,8/10/2021,608794.2,7009194.1,608803.5,7009210.6,608792.3,7009199.1,18.91
Hegsetfoss,315,27.22,U1,2.67,19.71,8/10/2021,608816.2,7009232.7,608842.6,7009278.5,608836,7009260.8,52.82
Hegsetfoss,316,0.2,U3,4.84,0.06,8/10/2021,608852.6,7009295.8,608852.7,7009296,608857.8,7009293.1,0.2
Hegsetfoss,317,0.97,U2,4.51,0.45,8/10/2021,608863.5,7009314.7,608864,7009315.5,608868.8,7009312.1,0.97
Hegsetfoss,318,0.24,U3,4.78,0.06,8/10/2021,614451.6,6999632.5,614451.9,6999632.4,614453.3,6999637.2,0.24
Hegsetfoss,319,0.96,U2,4.67,0.83,8/10/2021,614509.9,6999614.2,614510.8,6999613.9,614511.8,6999619,0.96
Hegsetfoss,320,3.22,U2,4.41,1.66,8/10/2021,614569,6999595.5,614575.1,6999593.6,614570.9,6999600.2,6.39
Hegsetfoss,321,1.13,U2,4.71,0.45,8/10/2021,614644,6999579.3,614645.1,6999579.2,614645.3,6999584.6,1.13
Hegsetfoss,322,11.75,U2,3.03,34.37,8/10/2021,614807.5,6999589.7,614841.8,6999595,614840.7,6999598.4,34.74
Hegsetfoss,323,2,U2,4.29,1.73,8/10/2021,614865.1,6999598.7,614868.3,6999599.2,614867.3,6999603.6,3.18
Hegsetfoss,324,2.07,U3,4.57,1.02,8/10/2021,614875.2,6999600.3,614882.3,6999601.4,614875.2,6999605.3,7.22
Hegsetfoss,325,0.38,U3,4.79,0.13,8/10/2021,615033.9,6999603.2,615034.3,6999603.2,615034.4,6999597.9,0.38
Hegsetfoss,326,1.12,U2,4.71,0.96,8/10/2021,615065.5,6999605.9,615066.6,6999606,615066.6,6999600.7,1.12
Hegsetfoss,327,2.05,U3,4.74,0.7,8/10/2021,615072.1,6999606.4,615074.1,6999606.6,615073.7,6999602,2.05
Hegsetfoss,328,0.61,U3,4.86,0.13,8/10/2021,615316.9,6999571.3,615317.5,6999571.2,615318.3,6999576.4,0.61
Hegsetfoss,329,4.37,U2,4.43,2.5,8/10/2021,615512.3,6999541.8,615520.4,6999540.6,615513.1,6999535.9,8.19
Hegsetfoss,330,16.2,U2,3.35,71.1,8/10/2021,615537.1,6999538.1,615558.4,6999535,615557.5,6999539.9,21.56
Hegsetfoss,331,1.98,U3,4.35,1.54,8/10/2021,615572.3,6999533,615574.2,6999532.7,615573.2,6999537.4,1.98
Hegsetfoss,332,14.84,U2,3.25,35.78,8/10/2021,615597.8,6999529.3,615616.7,6999526.5,615607.7,6999532.5,19.04
Hegsetfoss,333,5.15,U2,3.58,27.97,8/10/2021,615631.6,6999524.4,615636.7,6999523.6,615633.6,6999529,5.15
Hegsetfoss,334,5.77,U1,2.96,15.87,8/10/2021,615644.9,6999522.4,615650.6,6999521.6,615646.2,6999517.7,5.77
Hegsetfoss,335,5.18,U1,2.58,30.72,8/10/2021,615725.9,6999510.3,615734.2,6999509.8,615728.3,6999505.7,8.35
Hegsetfoss,336,9.52,U2,3.2,34.05,8/10/2021,616143.9,6999542.2,616154.2,6999543.8,616145.7,6999547.2,10.38
Hegsetfoss,337,1.73,U3,6.83,10.24,8/10/2021,616201,6999551.3,616202.7,6999551.6,616200.4,6999559.2,1.73
Hegsetfoss,338,13.49,U3,3,39.87,8/10/2021,616224.8,6999555.2,616240,6999557.7,616231.8,6999559.9,15.38
Hegsetfoss,339,5.57,U2,3.81,7.36,8/10/2021,616260.9,6999561.2,616269,6999562.5,616261.8,6999566.6,8.14
Hegsetfoss,340,2.08,U3,4.66,1.54,8/10/2021,616284,6999565,616286.1,6999565.3,616284.5,6999570.8,2.08
Hegsetfoss,341,4.04,U1,2.21,19.33,8/10/2021,616359.9,6999577.4,616363.7,6999578.8,616362.8,6999574.3,4.04
Hegsetfoss,342,3.72,U2,3.9,6.91,8/10/2021,616451.9,6999639.9,616458.9,6999644.7,616461.2,6999639.8,8.49
Hegsetfoss,343,4.64,U3,3.85,7.17,8/10/2021,616492,6999667.7,616497.6,6999671.6,616493.5,6999674.8,6.79
Hegsetfoss,344,2.83,U3,4.51,1.86,8/10/2021,616511.3,6999681.1,616514.3,6999683.2,616508.3,6999685.7,3.64
Hegsetfoss,345,1.02,U3,4.73,0.26,8/10/2021,616753.8,6999849.1,616754.6,6999849.6,616757.9,6999844.5,1.02
Hegsetfoss,346,0.84,U3,4.73,0.32,8/10/2021,616815.4,6999891.4,616816.1,6999891.8,616818.6,6999887,0.84
Hegsetfoss,347,2.8,U2,3.68,7.74,8/10/2021,616821.3,6999895.5,616823.6,6999897.1,616825.2,6999892,2.8
Hegsetfoss,348,2.53,U3,4.48,1.28,8/10/2021,616852.6,6999917.3,616854.7,6999918.7,616857.1,6999913.2,2.53
Hegsetfoss,349,1.85,U3,3.83,1.86,8/10/2021,617101.3,7000090,617102.8,7000091.1,617105,7000085.6,1.85
Hegsetfoss,350,7.27,U3,4.06,8.83,8/10/2021,617265.1,7000299.7,617267.2,7000308,617260.4,7000303.2,8.6
Hegsetfoss,351,1.13,U2,4.6,0.9,8/10/2021,617273.6,7000332.7,617273.9,7000333.8,617279.5,7000331.9,1.13
Hegsetfoss,352,3.23,U2,4.17,2.5,8/10/2021,617276.6,7000344.2,617277.4,7000347.3,617282.6,7000345.4,3.23
Hegsetfoss,353,8.84,U3,3.82,11.33,8/10/2021,617295,7000412.1,617297.4,7000421.2,617291,7000416.2,9.39
Hegsetfoss,354,2.6,U2,4.19,1.6,8/10/2021,617300.2,7000431.6,617303.6,7000443.9,617296.8,7000440.9,12.8
Hegsetfoss,355,0.05,U3,4.94,0.06,8/10/2021,617313.7,7000482.4,617313.7,7000482.5,617319.9,7000480.8,0.05
Hegsetfoss,356,5.28,U2,3.26,17.34,8/10/2021,617326,7000529.7,617327.3,7000534.8,617322.3,7000533.1,5.28
Hegsetfoss,357,25.62,U2,3.29,69.7,8/10/2021,617307,7000569.8,617287.8,7000586.7,617304.2,7000578.1,25.62
Hegsetfoss,358,20.68,U1,2.9,38.98,8/10/2021,617277.9,7000595.5,617255.9,7000615,617267.7,7000611,29.35
Hegsetfoss,359,2.77,U3,4.24,3.78,8/10/2021,617239.7,7000629.3,617237.6,7000631.1,617235.2,7000626.2,2.77
Hegsetfoss,360,4.04,U2,4.45,2.62,8/10/2021,617232.6,7000635.6,617228.5,7000639.2,617227.2,7000632.3,5.4
Hegsetfoss,361,5.84,U2,4.07,6.08,8/10/2021,617222.7,7000644.3,617213.3,7000651.3,617214.6,7000643.1,11.68
Hegsetfoss,362,7.49,U2,3.9,7.87,8/10/2021,617208.1,7000655.1,617197.4,7000662.9,617197.3,7000656.6,13.19
Hegsetfoss,363,12.18,U1,2.09,58.82,8/10/2021,606441.7,7008450.4,606446.9,7008461.4,606442.2,7008458.4,12.18
Hegsetfoss,364,1.16,U3,4.45,0.77,8/10/2021,606449.8,7008467.5,606450.5,7008469.1,606446,7008470.5,1.77
Hegsetfoss,365,4.87,U2,3.89,4.74,8/10/2021,606454.4,7008477.4,606458.4,7008486,606461.8,7008480.8,9.44
Hegsetfoss,366,39.78,U1,2.03,149.63,8/10/2021,606463.1,7008495.9,606487.8,7008534.4,606464.6,7008506.2,47.23
Hegsetfoss,367,3.27,U2,4.16,2.56,8/10/2021,606549.8,7008569.3,606552.7,7008570.9,606554.9,7008566,3.27
Hegsetfoss,368,2.06,U3,4.73,0.77,8/10/2021,606743.4,7008601.3,606745.5,7008601.4,606745.2,7008597.9,2.06
Hegsetfoss,369,5.22,U2,4.06,4.67,8/10/2021,606783.3,7008604.1,606792.5,7008604.8,606784.5,7008598.7,9.27
Hegsetfoss,370,15.94,U1,2.07,47.36,8/10/2021,606845.7,7008608.5,606868.3,7008610.2,606849.1,7008612.3,22.72
Hegsetfoss,371,1.91,U3,4.45,0.7,8/10/2021,606873.7,7008610.6,606878,7008610.9,606877.8,7008613.1,4.33
Hegsetfoss,372,0.22,U2,4.85,0.13,8/10/2021,606897.7,7008612.5,606897.9,7008612.5,606898.2,7008606.2,0.22
Hegsetfoss,373,24.44,U1,2.19,116.54,8/10/2021,606913.9,7008613.8,606952.1,7008616.8,606920.3,7008617.5,38.29
Hegsetfoss,374,55.28,U1,1.85,193.02,8/10/2021,607014.8,7008621.7,607079.4,7008645.9,607068.5,7008632.1,72.56
Hegsetfoss,375,81.63,U1,2.14,253.5,8/10/2021,607099,7008663.1,607169.3,7008724.4,607123.2,7008689,93.26
Hegsetfoss,376,3.9,U3,4.57,1.79,8/10/2021,607173.4,7008728,607176.3,7008730.5,607172.3,7008730.3,3.9
Hegsetfoss,377,4.78,U3,4.12,4.16,8/10/2021,607402.2,7008927.8,607405.8,7008931,607409,7008926.4,4.78
Hegsetfoss,378,40.3,U2,3.14,87.17,8/10/2021,607410.3,7008934.8,607443.2,7008972.8,607433.5,7008968.1,50.43
Hegsetfoss,379,4.17,U2,3.33,15.87,8/10/2021,607566.5,7009125.1,607569.1,7009128.4,607563.8,7009129,4.17
Hegsetfoss,380,29.46,U1,2.46,89.28,8/10/2021,607573.3,7009133.5,607596.6,7009162.4,607577.1,7009144.4,37.15
Hegsetfoss,381,11.29,U3,3.9,15.55,8/10/2021,607601.9,7009169,607610.2,7009179.5,607604,7009174.9,13.36
Hegsetfoss,382,6.04,U1,2.89,20.22,8/10/2021,610218,7007810.6,610217.4,7007804.6,610214.3,7007808.9,6.04
Hegsetfoss,383,0.72,U2,4.41,0.26,8/10/2021,610216.7,7007798.5,610216.7,7007797.8,610221.8,7007797.5,0.72
Hegsetfoss,384,39.47,U1,2.05,180.74,8/10/2021,609743.5,7008759.2,609754.3,7008720.5,609749.5,7008750.4,40.25
Hegsetfoss,385,1.29,U3,4.39,1.28,8/10/2021,609788.7,7008598.3,609789.7,7008595,609783.9,7008594.5,3.44
Hegsetfoss,386,8.7,U2,3.38,22.02,8/10/2021,609800.8,7008555.5,609803.5,7008546.2,609798.2,7008548.9,9.63
Hegsetfoss,387,195.72,U1,1.7,1405.12,8/10/2021,609812.2,7008515,609802.4,7008333.2,609819.7,7008499.3,201.31
Hegsetfoss,388,19.61,U1,2.9,93.06,8/10/2021,609794.5,7008322.8,609782.3,7008306.8,609789.4,7008307.3,20.13
Hegsetfoss,389,23.32,U1,2.46,118.21,8/10/2021,609716.6,7008221.7,609702.4,7008203.3,609717.5,7008214.2,23.32
Hegsetfoss,390,53.46,U1,1.75,393.22,8/10/2021,609603.8,7008075.6,609564.4,7008038.3,609573.3,7008040.2,54.57
Hegsetfoss,391,22.84,U1,2.05,174.72,8/10/2021,609529.2,7008009.6,609509.2,7007993.2,609509.7,7007998.2,25.98
Hegsetfoss,392,0.07,U3,4.93,0.06,8/10/2021,608241.1,7008497,608241.1,7008497,608241.8,7008497.5,0.07
Hegsetfoss,393,12.73,U2,3.19,19.97,8/10/2021,608207.5,7008544.3,608197.2,7008558.8,608205.8,7008551.9,17.81
Hegsetfoss,394,1.6,U3,4.68,0.7,8/10/2021,608187.5,7008572.5,608186.6,7008573.8,608181.7,7008570.3,1.6
Hegsetfoss,395,5.64,U2,4.11,3.14,8/10/2021,608181.4,7008581.3,608172.3,7008594.3,608174.7,7008579.8,15.86
Hegsetfoss,396,3.21,U3,4.46,1.86,8/10/2021,608161.8,7008609.2,608159.7,7008612.3,608156,7008609,3.74
Hegsetfoss,397,5.51,U3,3.49,14.66,8/10/2021,607955,7008905.5,607951.8,7008910,607952.7,7008907.4,5.51
Hegsetfoss,398,0.66,U3,4.75,0.13,8/10/2021,607940.8,7008925.8,607940.4,7008926.3,607936.7,7008923.5,0.66
Hegsetfoss,399,5.02,U3,3.98,4.16,8/10/2021,607935.7,7008933,607928,7008944.1,607931.2,7008935.3,13.54
Hegsetfoss,400,3.89,U2,4.43,3.9,8/10/2021,607849,7009049.7,607846.1,7009052.4,607843.4,7009045.9,3.89
Hegsetfoss,401,5.64,U2,4.31,6.14,8/10/2021,607838.8,7009059.1,607831.9,7009065.4,607828.3,7009060.1,9.3
Hegsetfoss,402,9.49,U1,1.61,53.57,8/10/2021,607768.3,7009123.9,607761.3,7009130.3,607763.7,7009123.3,9.49
Hegsetfoss,403,0.73,U3,4.76,0.58,8/10/2021,617190.3,6997255.5,617189.5,6997256.4,617185.5,6997252,1.24
Hegsetfoss,404,1.36,U3,4,1.6,8/10/2021,617178.1,6997267.7,617177.1,6997268.6,617180.1,6997270.3,1.36
Hegsetfoss,405,1.46,U3,3.55,1.66,8/10/2021,617148.8,6997296.7,617147.7,6997297.7,617145.1,6997294.6,1.46
Hegsetfoss,406,2.19,U3,3.81,2.69,8/10/2021,617139.3,6997306,617137.8,6997307.6,617134.6,6997304,2.19
Hegsetfoss,407,8.9,U2,3.61,19.01,8/10/2021,617129.8,6997315.4,617120.7,6997324.5,617124.1,6997314.1,12.81
Hegsetfoss,408,2.61,U3,3.77,3.97,8/10/2021,617098.4,6997374.9,617097.6,6997377.4,617094.4,6997374.9,2.61
Hegsetfoss,409,4.29,U3,3.31,6.78,8/10/2021,617094.6,6997386.3,617092.8,6997391.5,617089.8,6997389.5,5.52
Hegsetfoss,410,3.83,U3,4.27,2.62,8/10/2021,617080.2,6997428.7,617077.4,6997436.8,617084.8,6997432.1,8.57
Hegsetfoss,411,9.45,U1,1.81,50.11,8/10/2021,617070.6,6997456.6,617067.5,6997465.6,617072.7,6997459.2,9.45
Hegsetfoss,412,2.9,U3,3.37,9.6,8/10/2021,617062.8,6997479.3,617061.9,6997482.1,617058.4,6997478.8,2.9
Hegsetfoss,413,6.25,U1,2.46,23.23,8/10/2021,617035.1,6997560.9,617033.1,6997566.8,617037.7,6997563.9,6.25
Hegsetfoss,414,3.5,U3,3.93,3.46,8/10/2021,617030.7,6997573.8,617027.3,6997583.7,617023.4,6997581.4,10.4
Hegsetfoss,415,2.49,U3,3.81,3.52,8/10/2021,617024.7,6997591.5,617023.9,6997593.8,617021.1,6997591.8,2.49
Hegsetfoss,416,2.86,U3,3.24,4.48,8/10/2021,617017.7,6997612.1,617016.8,6997614.8,617013.5,6997612.2,2.86
Hegsetfoss,417,58.62,U1,2.54,194.56,8/10/2021,617002.7,6997656.4,616977,6997732.5,616989.6,6997683.5,80.34
Hegsetfoss,418,47.1,U1,1.83,284.99,8/10/2021,616974.3,6997740.3,616957.7,6997789.6,616967.1,6997754,52.03
Hegsetfoss,419,2.53,U3,3.55,5.38,8/10/2021,616954.4,6997799.3,616952.1,6997806.2,616958.9,6997801.5,7.24
Hegsetfoss,420,0.73,U3,4.5,0.26,8/10/2021,616950.4,6997811.2,616950.2,6997811.9,616955.1,6997813.4,0.73
Hegsetfoss,421,8.88,U1,2.99,12.67,8/10/2021,616948.1,6997818.1,616942.4,6997834.9,616946.5,6997836.4,17.76
Hegsetfoss,422,6.44,U1,2.02,26.88,8/10/2021,616939,6997844.6,616936.9,6997850.7,616940.9,6997849.8,6.44
Hegsetfoss,423,6.46,U1,1.31,36.16,8/10/2021,616927.3,6997878.7,616925.2,6997884.8,616924.3,6997879.4,6.46
Hegsetfoss,424,7.77,U3,3.32,9.86,8/10/2021,616921.6,6997895.3,616916.6,6997909.9,616913.8,6997906.6,15.47
Hegsetfoss,425,3.42,U1,2.81,8.19,8/10/2021,616910,6997929.8,616908.9,6997933,616906,6997929.5,3.42
Hegsetfoss,426,19.31,U1,1.47,92.74,8/10/2021,616900.3,6997958.7,616893.3,6997979.8,616901,6997966.3,22.22
Hegsetfoss,427,3.17,U2,3.72,4.74,8/10/2021,616890.4,6997988.4,616889.4,6997991.4,616885.2,6997988,3.17
Hegsetfoss,428,1.01,U3,3.33,2.11,8/10/2021,616886.1,6998001.1,616885.8,6998002.1,616890.4,6998003.4,1.01
Hegsetfoss,429,5.56,U2,3.17,21.06,8/10/2021,616883.6,6998008.5,616881.8,6998013.7,616887.4,6998011.5,5.56
Hegsetfoss,430,6.36,U1,2.4,32.51,8/10/2021,616879.3,6998021,616877.2,6998027,616874.1,6998024.4,6.36
Hegsetfoss,431,6.32,U2,3.54,16.58,8/10/2021,616871.6,6998043.4,616867.6,6998055.1,616873.4,6998053.8,12.3
Hegsetfoss,432,2.22,U2,3.5,7.23,8/10/2021,618092,6998677.2,618090.4,6998682.7,618096.2,6998680,5.7
Hegsetfoss,433,40.05,U2,3.08,117.89,8/10/2021,618088.3,6998689.8,618073,6998741.8,618091.1,6998696.4,54.21
Hegsetfoss,434,0.05,U3,4.92,0.13,8/10/2021,618036.8,6998864.6,618036.7,6998865.2,618030.8,6998863.5,0.63
Hegsetfoss,435,14.65,U2,3.2,29.63,8/10/2021,618034.4,6998872.9,618028.4,6998893.2,618029,6998876,21.2
Hegsetfoss,436,7.71,U3,4.1,9.22,8/10/2021,618013.4,6998943.4,618007.9,6998961.8,618007.6,6998945.5,19.13
Hegsetfoss,437,6.68,U3,3.5,9.98,8/10/2021,617984.4,6999039.6,617981.5,6999049.2,617987.4,6999041.3,10.06
Hegsetfoss,438,2.14,U2,4.48,2.75,8/10/2021,617979.9,6999054.3,617978.2,6999060,617984.7,6999057.9,5.96
Hegsetfoss,439,13.57,U2,3.68,24.38,8/10/2021,615678.6,6999827.7,615674.2,6999808.9,615682,6999820.3,19.39
Hegsetfoss,440,1.56,U2,4.7,0.77,8/10/2021,615632.2,6999629.3,615632.4,6999627.8,615626.4,6999628.2,1.56
Hegsetfoss,441,6.32,U2,3.52,25.98,8/10/2021,615643.2,6999536.7,615644,6999530.4,615638.2,6999533.2,6.32
Hegsetfoss,442,5.21,U1,2.62,20.8,8/10/2021,610716.3,7007312.9,610720.3,7007316.2,610715.7,7007317.8,5.21
Hegsetfoss,443,5.89,U2,3.94,12.67,8/10/2021,610727,7007321.6,610731.6,7007325.3,610724.2,7007326.8,5.89
Hegsetfoss,444,1.25,U3,4.43,0.77,8/10/2021,610815.8,7007393.3,610816.8,7007394,610812.6,7007398.6,1.25
Hegsetfoss,445,6.23,U2,3.35,14.66,8/10/2021,606926.8,7008613.9,606928.4,7008601.7,606922.7,7008606.2,12.35
Hegsetfoss,446,3.72,U2,3.02,21.63,8/10/2021,606930.6,7008585.3,606931.1,7008581.6,606926.6,7008582.9,3.72
Hegsetfoss,447,7.92,U2,3.74,15.36,8/10/2021,606934.5,7008555.8,606935.9,7008545.2,606940.2,7008549.5,10.69
Hegsetfoss,448,35.25,U1,2.23,123.58,8/10/2021,606936.6,7008540.2,606942.1,7008499.1,606941.9,7008526.8,41.44
Hegsetfoss,449,9.73,U3,3.5,8.58,8/10/2021,606952,7008425.7,606955.1,7008403,606953.6,7008409.6,22.99
Hegsetfoss,450,4.45,U1,1.88,4.16,8/10/2021,606959,7008374.6,606961.3,7008357.3,606961.3,7008373.1,17.41
Hegsetfoss,451,10.34,U2,3.2,63.42,8/10/2021,616208.6,6999570.1,616205.3,6999557.6,616212.5,6999566.6,12.87
Hegsetfoss,452,34.25,U1,2.27,375.42,8/10/2021,609877.2,7008427.6,609846.4,7008390.8,609866.8,7008421.2,48.02
